CBD,LAT,LON,THK,SRF
0,-80.0103,-119.502197,9999,9999
1,-80.0103,-119.502106,9999,9999
2,-80.009598,-119.504807,9999,9999
3,-80.009598,-119.5047,9999,9999
4,-80.009598,-119.512207,9999,9999
5,-80.009598,-119.514206,9999,9999
6,-80.011597,-119.514099,9999,9999
7,-80.012299,-119.515396,9999,9999
8,-80.014404,-119.521393,9999,9999
9,-80.015106,-119.526093,9999,9999
10,-80.016495,-119.524002,9999,9999
11,-80.017197,-119.525299,9999,9999
12,-80.017197,-119.528,9999,9999
13,-80.017807,-119.527206,9999,9999
14,-80.019897,-119.531296,9999,9999
15,-80.019897,-119.534698,9999,9999
16,-80.020493,-119.533203,9999,9999
17,-80.021194,-119.5345,9999,9999
18,-80.021896,-119.539307,9999,9999
19,-80.021896,-119.5392,9999,9999
20,-80.021896,-119.539093,9999,9999
21,-80.021896,-119.539001,9999,9999
22,-80.021896,-119.538895,9999,9999
23,-80.021103,-119.537506,9999,9999
24,-80.019104,-119.538101,9999,9999
25,-80.012207,-119.527695,9999,9999
26,-80.003296,-119.5112,9999,9999
27,-79.992294,-119.487106,9999,9999
28,-79.982697,-119.440308,9999,9999
29,-79.9758,-119.357803,9999,9999
30,-79.970306,-119.275406,9999,9999
31,-79.961395,-119.181305,9999,9999
32,-79.953094,-119.082306,9999,9999
33,-79.944199,-118.968307,9999,9999
34,-79.935303,-118.870102,9999,9999
35,-79.927704,-118.776001,9999,9999
36,-79.916702,-118.674301,9999,9999
37,-79.905106,-118.582901,9999,9999
38,-79.894806,-118.484604,9999,9999
39,-79.885193,-118.392593,9999,9999
40,-79.875504,-118.299805,9999,9999
41,-79.863907,-118.210495,9999,9999
42,-79.852905,-118.114304,9999,9999
43,-79.841904,-118.019501,9999,9999
44,-79.832306,-117.923294,9999,9999
45,-79.821304,-117.831299,9999,9999
46,-79.810303,-117.7323,9999,9999
47,-79.800003,-117.640198,9999,9999
48,-79.789703,-117.548203,9999,9999
49,-79.778702,-117.457504,9999,9999
50,-79.766296,-117.366806,9999,9999
51,-79.755997,-117.2733,9999,9999
52,-79.7444,-117.187393,9999,9999
53,-79.7341,-117.087097,9999,9999
54,-79.722397,-116.998505,9999,9999
55,-79.712799,-116.909195,9999,9999
56,-79.700394,-116.825394,9999,9999
57,-79.690796,-116.735306,9999,9999
58,-79.678406,-116.646698,9999,9999
59,-79.668793,-116.556,9999,9999
60,-79.657806,-116.463303,9999,9999
61,-79.646805,-116.380798,9999,9999
62,-79.636505,-116.293503,9999,9999
63,-79.625504,-116.200806,9999,9999
64,-79.615204,-116.112793,9999,9999
65,-79.604904,-116.027695,9999,9999
66,-79.593307,-115.939697,9999,9999
67,-79.581604,-115.860001,9999,9999
68,-79.572601,-115.767899,9999,9999
69,-79.560303,-115.680695,9999,9999
70,-79.550705,-115.602295,9999,9999
71,-79.539001,-115.5233,9999,9999
72,-79.526001,-115.440201,9999,9999
73,-79.515594,-115.357803,9999,9999
74,-79.504593,-115.275208,9999,9999
75,-79.493698,-115.192795,9999,9999
76,-79.482697,-115.109604,9999,9999
77,-79.471695,-115.031296,9999,9999
78,-79.460693,-114.948898,9999,9999
79,-79.449005,-114.863693,9999,9999
80,-79.438705,-114.784698,9999,9999
81,-79.4263,-114.702896,9999,9999
82,-79.416,-114.626602,9999,9999
83,-79.405106,-114.546997,9999,9999
84,-79.396805,-114.470001,9999,9999
85,-79.384506,-114.393097,9999,9999
86,-79.373505,-114.314697,9999,9999
87,-79.362503,-114.233597,9999,9999
88,-79.352203,-114.153198,9999,9999
89,-79.338394,-114.076294,9999,9999
90,-79.327393,-113.995804,9999,9999
91,-79.317795,-113.916199,9999,9999
92,-79.3069,-113.837799,9999,9999
93,-79.297195,-113.758804,9999,9999
94,-79.284195,-113.677704,9999,9999
95,-79.272507,-113.6035,9999,9999
96,-79.261505,-113.521103,9999,9999
97,-79.251907,-113.446899,9999,9999
98,-79.2388,-113.372696,9999,9999
99,-79.227203,-113.290207,9999,9999
100,-79.216202,-113.211899,9999,9999
101,-79.203796,-113.143097,9999,9999
102,-79.192093,-113.066895,9999,9999
103,-79.181107,-112.990601,9999,9999
104,-79.172195,-112.907501,9999,9999
105,-79.159103,-112.822998,9999,9999
106,-79.146805,-112.745407,9999,9999
107,-79.137207,-112.663605,9999,9999
108,-79.124802,-112.576294,9999,9999
109,-79.115204,-112.498001,9999,9999
110,-79.105606,-112.414902,9999,9999
111,-79.094604,-112.326996,9999,9999
112,-79.084305,-112.247192,9999,9999
113,-79.074005,-112.162094,9999,9999
114,-79.066406,-112.070007,9999,9999
115,-79.066406,-111.967606,9999,9999
116,-79.073303,-111.876999,9999,9999
117,-79.088394,-111.794601,9999,9999
118,-79.106903,-111.735596,9999,9999
119,-79.127502,-111.703995,9999,9999
120,-79.149506,-111.714996,9999,9999
121,-79.167999,-111.785004,9999,9999
122,-79.182404,-111.880295,9999,9999
123,-79.199493,-111.967499,9999,9999
124,-79.213898,-112.055298,9999,9999
125,-79.229706,-112.147903,9999,9999
126,-79.245499,-112.233093,9999,9999
127,-79.261307,-112.320206,9999,9999
128,-79.275696,-112.415604,9999,9999
129,-79.290802,-112.504807,9999,9999
130,-79.305801,-112.597397,9999,9999
131,-79.320297,-112.685303,9999,9999
132,-79.335999,-112.784103,9999,9999
133,-79.350403,-112.881607,9999,9999
134,-79.364807,-112.986496,9999,9999
135,-79.379196,-113.081894,9999,9999
136,-79.391602,-113.171799,9999,9999
137,-79.406006,-113.276794,9999,9999
138,-79.419693,-113.374207,9999,9999
139,-79.434799,-113.475098,9999,9999
140,-79.446396,-113.563599,9999,9999
141,-79.461502,-113.663803,9999,9999
142,-79.475296,-113.762604,9999,9999
143,-79.490295,-113.863403,9999,9999
144,-79.503403,-113.965698,9999,9999
145,-79.518402,-114.059692,9999,9999
146,-79.531494,-114.169495,9999,9999
147,-79.543793,-114.270996,9999,9999
148,-79.556198,-114.373306,9999,9999
149,-79.569901,-114.475403,9999,9999
150,-79.582901,-114.582596,9999,9999
151,-79.595306,-114.681396,9999,9999
152,-79.608994,-114.7836,9999,9999
153,-79.621994,-114.886505,9999,9999
154,-79.635696,-114.986694,9999,9999
155,-79.648102,-115.091003,9999,9999
156,-79.662506,-115.1884,9999,9999
157,-79.674805,-115.2892,9999,9999
158,-79.687103,-115.390793,9999,9999
159,-79.700897,-115.503296,9999,9999
160,-79.711899,-115.600693,9999,9999
161,-79.724197,-115.708405,9999,9999
162,-79.737198,-115.814804,9999,9999
163,-79.749603,-115.914993,9999,9999
164,-79.760498,-116.020706,9999,9999
165,-79.773605,-116.122803,9999,9999
166,-79.785202,-116.222397,9999,9999
167,-79.798294,-116.327301,9999,9999
168,-79.811295,-116.431595,9999,9999
169,-79.822998,-116.533096,9999,9999
170,-79.835297,-116.649796,9999,9999
171,-79.847595,-116.75,9999,9999
172,-79.859299,-116.852097,9999,9999
173,-79.871002,-116.954407,9999,9999
174,-79.882599,-117.059296,9999,9999
175,-79.895004,-117.159607,9999,9999
176,-79.905899,-117.265198,9999,9999
177,-79.918304,-117.370804,9999,9999
178,-79.931305,-117.473801,9999,9999
179,-79.942902,-117.578003,9999,9999
180,-79.954605,-117.685806,9999,9999
181,-79.965607,-117.786606,9999,9999
182,-79.977203,-117.897003,9999,9999
183,-79.987503,-117.997192,9999,9999
184,-80.000595,-118.102798,9999,9999
185,-80.010193,-118.214706,9999,9999
186,-80.022507,-118.317596,9999,9999
187,-80.033493,-118.421204,9999,9999
188,-80.045807,-118.528198,9999,9999
189,-80.055405,-118.639999,9999,9999
190,-80.067093,-118.747696,9999,9999
191,-80.076004,-118.856796,9999,9999
192,-80.087006,-118.959702,9999,9999
193,-80.098602,-119.072906,9999,9999
194,-80.110306,-119.177795,9999,9999
195,-80.121307,-119.280106,9999,9999
196,-80.132202,-119.384995,9999,9999
197,-80.145905,-119.5009,9999,9999
198,-80.155502,-119.605194,9999,9999
199,-80.1651,-119.716293,9999,9999
200,-80.1754,-119.8302,9999,9999
201,-80.184296,-119.942001,9999,9999
202,-80.187103,-120.059998,9999,9999
203,-80.182297,-120.175903,9999,9999
204,-80.169205,-120.267105,9999,9999
205,-80.153397,-120.315796,9999,9999
206,-80.133499,-120.345901,9999,9999
207,-80.116302,-120.350601,9999,9999
208,-80.098404,-120.343597,9999,9999
209,-80.081299,-120.311905,9999,9999
210,-80.062698,-120.265198,9999,9999
211,-80.045502,-120.2164,9999,9999
212,-80.027695,-120.169601,9999,9999
213,-80.010498,-120.120102,9999,9999
214,-79.993301,-120.080902,9999,9999
215,-79.975494,-120.034103,9999,9999
216,-79.958298,-119.9991,9999,9999
217,-79.939697,-119.973602,9999,9999
218,-79.920502,-119.943298,9999,9999
219,-79.902603,-119.925995,9999,9999
220,-79.883408,-119.905304,9999,9999
221,-79.865601,-119.888107,9999,9999
222,-79.849106,-119.840698,9999,9999
223,-79.834702,-119.763794,9999,9999
224,-79.824997,-119.666901,9999,9999
225,-79.813995,-119.578293,9999,9999
226,-79.803696,-119.482101,9999,9999
227,-79.794098,-119.391495,9999,9999
228,-79.783096,-119.291901,9999,9999
229,-79.7715,-119.196396,9999,9999
230,-79.761093,-119.099503,9999,9999
231,-79.750198,-119.0047,9999,9999
232,-79.740494,-118.904495,9999,9999
233,-79.730194,-118.805603,9999,9999
234,-79.719894,-118.711502,9999,9999
235,-79.708893,-118.618805,9999,9999
236,-79.699295,-118.524704,9999,9999
237,-79.687698,-118.429199,9999,9999
238,-79.677307,-118.332993,9999,9999
239,-79.666397,-118.232697,9999,9999
240,-79.653305,-118.142105,9999,9999
241,-79.643707,-118.045898,9999,9999
242,-79.632706,-117.949097,9999,9999
243,-79.623093,-117.854996,9999,9999
244,-79.611404,-117.759506,9999,9999
245,-79.600403,-117.666107,9999,9999
246,-79.590805,-117.576797,9999,9999
247,-79.5784,-117.4814,9999,9999
248,-79.567398,-117.391403,9999,9999
249,-79.555695,-117.295197,9999,9999
250,-79.545395,-117.207596,9999,9999
251,-79.535095,-117.102203,9999,9999
252,-79.523407,-117.007401,9999,9999
253,-79.511795,-116.916794,9999,9999
254,-79.500793,-116.826797,9999,9999
255,-79.489807,-116.737503,9999,9999
256,-79.479507,-116.647507,9999,9999
257,-79.468506,-116.554794,9999,9999
258,-79.458206,-116.458603,9999,9999
259,-79.445099,-116.368698,9999,9999
260,-79.434097,-116.279404,9999,9999
261,-79.423798,-116.194901,9999,9999
262,-79.413498,-116.110397,9999,9999
263,-79.401901,-116.023895,9999,9999
264,-79.3909,-115.931793,9999,9999
265,-79.3806,-115.841202,9999,9999
266,-79.368195,-115.750504,9999,9999
267,-79.356506,-115.661896,9999,9999
268,-79.345505,-115.578094,9999,9999
269,-79.334503,-115.481201,9999,9999
270,-79.324905,-115.400299,9999,9999
271,-79.3125,-115.311707,9999,9999
272,-79.302307,-115.229904,9999,9999
273,-79.291199,-115.139999,9999,9999
274,-79.281601,-115.056107,9999,9999
275,-79.2686,-114.968903,9999,9999
276,-79.257599,-114.886505,9999,9999
277,-79.249298,-114.796494,9999,9999
278,-79.237,-114.710693,9999,9999
279,-79.226593,-114.632294,9999,9999
280,-79.215698,-114.5513,9999,9999
281,-79.203995,-114.470901,9999,9999
282,-79.193695,-114.3974,9999,9999
283,-79.182007,-114.317795,9999,9999
284,-79.169601,-114.231201,9999,9999
285,-79.158005,-114.152893,9999,9999
286,-79.145599,-114.075302,9999,9999
287,-79.1353,-113.992905,9999,9999
288,-79.124298,-113.906403,9999,9999
289,-79.112595,-113.823898,9999,9999
290,-79.102997,-113.703003,9999,9999
291,-79.091293,-113.659698,9999,9999
292,-79.081696,-113.580093,9999,9999
293,-79.070007,-113.494904,9999,9999
294,-79.060394,-113.414505,9999,9999
295,-79.048706,-113.337708,9999,9999
296,-79.037003,-113.251801,9999,9999
297,-79.025299,-113.172699,9999,9999
298,-79.013702,-113.090302,9999,9999
299,-79.011597,-112.996307,9999,9999
300,-79.028107,-112.922806,9999,9999
301,-79.045898,-112.865097,9999,9999
302,-79.065796,-112.803299,9999,9999
303,-79.083694,-112.736694,9999,9999
304,-79.098801,-112.669403,9999,9999
305,-79.116592,-112.591904,9999,9999
306,-79.135101,-112.528,9999,9999
307,-79.151596,-112.453796,9999,9999
308,-79.169403,-112.389297,9999,9999
309,-79.1866,-112.326096,9999,9999
310,-79.203796,-112.255402,9999,9999
311,-79.220901,-112.175003,9999,9999
312,-79.238098,-112.105698,9999,9999
313,-79.256607,-112.048706,9999,9999
314,-79.278595,-112.063095,9999,9999
315,-79.290207,-112.162506,9999,9999
316,-79.286804,-112.260605,9999,9999
317,-79.272995,-112.327805,9999,9999
318,-79.257202,-112.395599,9999,9999
319,-79.242096,-112.457397,9999,9999
320,-79.224899,-112.518997,9999,9999
321,-79.210495,-112.589706,9999,9999
322,-79.196106,-112.658203,9999,9999
323,-79.179596,-112.717896,9999,9999
324,-79.163101,-112.7789,9999,9999
325,-79.145905,-112.841202,9999,9999
326,-79.130096,-112.900208,9999,9999
327,-79.113602,-112.966003,9999,9999
328,-79.098495,-113.026306,9999,9999
329,-79.082001,-113.091507,9999,9999
330,-79.066193,-113.155899,9999,9999
331,-79.0504,-113.216202,9999,9999
332,-79.035294,-113.291702,9999,9999
333,-79.034607,-113.400803,9999,9999
334,-79.046295,-113.499496,9999,9999
335,-79.067505,-113.533096,9999,9999
336,-79.087402,-113.503601,9999,9999
337,-79.105301,-113.433502,9999,9999
338,-79.123795,-113.360107,9999,9999
339,-79.1409,-113.292801,9999,9999
340,-79.158096,-113.224106,9999,9999
341,-79.176697,-113.151993,9999,9999
342,-79.192398,-113.081299,9999,9999
343,-79.210297,-113.013199,9999,9999
344,-79.227402,-112.932205,9999,9999
345,-79.242493,-112.857407,9999,9999
346,-79.261703,-112.786102,9999,9999
347,-79.281006,-112.712494,9999,9999
348,-79.296799,-112.6418,9999,9999
349,-79.313904,-112.577896,9999,9999
350,-79.335907,-112.527802,9999,9999
351,-79.357803,-112.542801,9999,9999
352,-79.373596,-112.632706,9999,9999
353,-79.377701,-112.748596,9999,9999
354,-79.372192,-112.847397,9999,9999
355,-79.357803,-112.924194,9999,9999
356,-79.340607,-112.987198,9999,9999
357,-79.326904,-113.046204,9999,9999
358,-79.311096,-113.106598,9999,9999
359,-79.295898,-113.172394,9999,9999
360,-79.279404,-113.234802,9999,9999
361,-79.263702,-113.294403,9999,9999
362,-79.249207,-113.362198,9999,9999
363,-79.233398,-113.421204,9999,9999
364,-79.216904,-113.479507,9999,9999
365,-79.200394,-113.543304,9999,9999
366,-79.184601,-113.6035,9999,9999
367,-79.168793,-113.6604,9999,9999
368,-79.153,-113.718002,9999,9999
369,-79.136505,-113.783096,9999,9999
370,-79.122101,-113.847595,9999,9999
371,-79.117996,-113.951904,9999,9999
372,-79.126205,-114.055405,9999,9999
373,-79.148193,-114.086197,9999,9999
374,-79.170105,-114.052597,9999,9999
375,-79.187302,-113.9832,9999,9999
376,-79.203094,-113.911194,9999,9999
377,-79.222305,-113.833603,9999,9999
378,-79.2388,-113.759399,9999,9999
379,-79.256607,-113.683899,9999,9999
380,-79.272995,-113.614502,9999,9999
381,-79.291595,-113.542404,9999,9999
382,-79.308701,-113.472397,9999,9999
383,-79.327301,-113.400894,9999,9999
384,-79.346497,-113.330902,9999,9999
385,-79.363602,-113.258102,9999,9999
386,-79.3815,-113.180603,9999,9999
387,-79.399994,-113.109802,9999,9999
388,-79.419205,-113.068604,9999,9999
389,-79.439804,-113.117996,9999,9999
390,-79.448105,-113.224304,9999,9999
391,-79.440506,-113.311996,9999,9999
392,-79.424698,-113.382599,9999,9999
393,-79.409607,-113.446396,9999,9999
394,-79.395203,-113.506104,9999,9999
395,-79.379303,-113.575302,9999,9999
396,-79.364899,-113.639099,9999,9999
397,-79.349792,-113.706894,9999,9999
398,-79.335999,-113.770706,9999,9999
399,-79.322998,-113.841293,9999,9999
400,-79.306503,-113.911194,9999,9999
401,-79.291397,-113.978394,9999,9999
402,-79.276993,-114.051804,9999,9999
403,-79.263199,-114.112793,9999,9999
404,-79.248093,-114.192307,9999,9999
405,-79.231598,-114.261597,9999,9999
406,-79.219193,-114.341095,9999,9999
407,-79.219193,-114.452896,9999,9999
408,-79.230194,-114.548203,9999,9999
409,-79.241898,-114.642899,9999,9999
410,-79.254898,-114.748505,9999,9999
411,-79.267197,-114.850006,9999,9999
412,-79.2789,-114.958405,9999,9999
413,-79.289902,-115.063995,9999,9999
414,-79.302902,-115.153198,9999,9999
415,-79.3228,-115.2211,9999,9999
416,-79.345505,-115.213394,9999,9999
417,-79.362595,-115.144806,9999,9999
418,-79.379105,-115.068497,9999,9999
419,-79.396301,-114.973099,9999,9999
420,-79.409302,-114.874893,9999,9999
421,-79.423706,-114.7836,9999,9999
422,-79.441498,-114.695694,9999,9999
423,-79.455902,-114.6147,9999,9999
424,-79.471695,-114.530304,9999,9999
425,-79.488205,-114.441696,9999,9999
426,-79.501907,-114.354507,9999,9999
427,-79.516998,-114.261093,9999,9999
428,-79.537598,-114.207596,9999,9999
429,-79.559601,-114.230103,9999,9999
430,-79.574707,-114.323395,9999,9999
431,-79.589798,-114.420807,9999,9999
432,-79.602798,-114.519501,9999,9999
433,-79.617905,-114.610001,9999,9999
434,-79.632294,-114.695801,9999,9999
435,-79.643997,-114.797897,9999,9999
436,-79.658401,-114.892593,9999,9999
437,-79.671402,-114.985794,9999,9999
438,-79.681702,-115.094894,9999,9999
439,-79.679596,-115.198502,9999,9999
440,-79.663803,-115.262894,9999,9999
441,-79.646698,-115.308807,9999,9999
442,-79.628799,-115.339005,9999,9999
443,-79.610199,-115.384201,9999,9999
444,-79.595093,-115.4431,9999,9999
445,-79.5793,-115.498001,9999,9999
446,-79.562103,-115.555496,9999,9999
447,-79.546295,-115.612396,9999,9999
448,-79.531204,-115.679596,9999,9999
449,-79.514694,-115.744705,9999,9999
450,-79.499603,-115.7948,9999,9999
451,-79.483093,-115.858505,9999,9999
452,-79.468002,-115.925003,9999,9999
453,-79.4543,-115.977097,9999,9999
454,-79.437103,-116.027206,9999,9999
455,-79.420593,-116.0923,9999,9999
456,-79.408905,-116.171097,9999,9999
457,-79.406204,-116.287003,9999,9999
458,-79.419205,-116.386505,9999,9999
459,-79.432907,-116.478302,9999,9999
460,-79.444595,-116.574997,9999,9999
461,-79.454193,-116.679993,9999,9999
462,-79.463104,-116.791702,9999,9999
463,-79.473404,-116.893204,9999,9999
464,-79.487793,-116.988602,9999,9999
465,-79.509796,-117.013901,9999,9999
466,-79.531693,-116.965103,9999,9999
467,-79.550201,-116.915604,9999,9999
468,-79.572205,-116.857895,9999,9999
469,-79.590805,-116.7948,9999,9999
470,-79.612701,-116.731598,9999,9999
471,-79.629898,-116.663605,9999,9999
472,-79.648407,-116.583893,9999,9999
473,-79.666199,-116.493301,9999,9999
474,-79.683395,-116.414993,9999,9999
475,-79.700607,-116.339493,9999,9999
476,-79.718399,-116.256393,9999,9999
477,-79.737595,-116.186996,9999,9999
478,-79.756104,-116.114197,9999,9999
479,-79.775406,-116.050293,9999,9999
480,-79.795303,-115.988495,9999,9999
481,-79.814499,-115.925293,9999,9999
482,-79.834396,-115.851807,9999,9999
483,-79.853607,-115.786606,9999,9999
484,-79.874207,-115.716599,9999,9999
485,-79.894806,-115.645096,9999,9999
486,-79.914703,-115.584,9999,9999
487,-79.936005,-115.592194,9999,9999
488,-79.952393,-115.669006,9999,9999
489,-79.966095,-115.7677,9999,9999
490,-79.982605,-115.852005,9999,9999
491,-79.994293,-115.958298,9999,9999
492,-80.002502,-116.066696,9999,9999
493,-80.007996,-116.187393,9999,9999
494,-80.014893,-116.301193,9999,9999
495,-80.018997,-116.423294,9999,9999
496,-80.023102,-116.537704,9999,9999
497,-80.027893,-116.6633,9999,9999
498,-80.033997,-116.774994,9999,9999
499,-80.040207,-116.895004,9999,9999
500,-80.044998,-117.0103,9999,9999
501,-80.031998,-117.094604,9999,9999
502,-80.013397,-117.132904,9999,9999
503,-79.996201,-117.167206,9999,9999
504,-79.977707,-117.205597,9999,9999
505,-79.958496,-117.247406,9999,9999
506,-79.941299,-117.288498,9999,9999
507,-79.922699,-117.327499,9999,9999
508,-79.906296,-117.373505,9999,9999
509,-79.886993,-117.417297,9999,9999
510,-79.869095,-117.471497,9999,9999
511,-79.850601,-117.526993,9999,9999
512,-79.834106,-117.574295,9999,9999
513,-79.818298,-117.623596,9999,9999
514,-79.799805,-117.675003,9999,9999
515,-79.783295,-117.722305,9999,9999
516,-79.764694,-117.772995,9999,9999
517,-79.747498,-117.828506,9999,9999
518,-79.729706,-117.881302,9999,9999
519,-79.713898,-117.935501,9999,9999
520,-79.694,-117.984802,9999,9999
521,-79.676102,-118.027298,9999,9999
522,-79.658905,-118.079407,9999,9999
523,-79.6418,-118.134903,9999,9999
524,-79.633499,-118.237793,9999,9999
525,-79.641098,-118.339294,9999,9999
526,-79.658905,-118.399597,9999,9999
527,-79.678802,-118.451004,9999,9999
528,-79.6987,-118.503693,9999,9999
529,-79.720703,-118.554398,9999,9999
530,-79.739899,-118.603699,9999,9999
531,-79.760498,-118.649002,9999,9999
532,-79.780396,-118.705093,9999,9999
533,-79.799606,-118.763306,9999,9999
534,-79.819504,-118.825699,9999,9999
535,-79.840103,-118.8909,9999,9999
536,-79.860001,-118.943497,9999,9999
537,-79.879898,-118.999802,9999,9999
538,-79.900497,-119.067596,9999,9999
539,-79.920395,-119.130005,9999,9999
540,-79.939606,-119.192307,9999,9999
541,-79.958801,-119.255402,9999,9999
542,-79.9767,-119.3246,9999,9999
543,-79.994507,-119.408203,9999,9999
544,-80.024994,-119.600098,9999,9999
545,-80.040298,-119.698898,9999,9999
546,-80.055298,-119.796997,9999,9999
547,-80.069794,-119.893494,9999,9999
548,-80.084305,-119.987396,9999,9999
549,-80.097397,-120.087402,9999,9999
550,-80.112595,-120.177795,9999,9999
551,-80.124298,-120.283905,9999,9999
552,-80.138107,-120.403793,9999,9999
553,-80.150497,-120.505905,9999,9999
554,-80.160904,-120.621002,9999,9999
555,-80.172607,-120.7285,9999,9999
556,-80.183701,-120.835403,9999,9999
557,-80.194794,-120.947098,9999,9999
558,-80.207199,-121.055298,9999,9999
559,-80.220306,-121.169006,9999,9999
560,-80.231995,-121.270401,9999,9999
561,-80.243805,-121.381393,9999,9999
562,-80.255493,-121.488998,9999,9999
563,-80.267303,-121.596497,9999,9999
564,-80.279694,-121.710907,9999,9999
565,-80.292801,-121.813599,9999,9999
566,-80.304504,-121.917694,9999,9999
567,-80.317001,-122.023193,9999,9999
568,-80.328003,-122.126694,9999,9999
569,-80.341202,-122.229507,9999,9999
570,-80.352203,-122.347305,9999,9999
571,-80.362595,-122.454895,9999,9999
572,-80.375702,-122.560303,9999,9999
573,-80.388794,-122.667206,9999,9999
574,-80.399902,-122.774796,9999,9999
575,-80.412292,-122.891205,9999,9999
576,-80.423996,-122.996094,9999,9999
577,-80.435104,-123.103607,9999,9999
578,-80.446793,-123.213196,9999,9999
579,-80.458603,-123.328293,9999,9999
580,-80.470306,-123.433197,9999,9999
581,-80.4814,-123.546906,9999,9999
582,-80.493805,-123.673599,9999,9999
583,-80.506195,-123.788696,9999,9999
584,-80.517303,-123.905197,9999,9999
585,-80.530396,-124.019608,9999,9999
586,-80.544907,-124.134003,9999,9999
587,-80.554596,-124.251907,9999,9999
588,-80.567001,-124.375198,9999,9999
589,-80.580093,-124.485504,9999,9999
590,-80.591202,-124.601303,9999,9999
591,-80.602203,-124.715698,9999,9999
592,-80.612595,-124.828796,9999,9999
593,-80.624405,-124.934296,9999,9999
594,-80.635406,-125.039902,9999,9999
595,-80.647202,-125.150208,9999,9999
596,-80.656799,-125.2612,9999,9999
597,-80.663803,-125.388702,9999,9999
598,-80.669296,-125.510101,9999,9999
599,-80.674194,-125.633499,9999,9999
600,-80.678406,-125.757599,9999,9999
601,-80.6819,-125.878403,9999,9999
602,-80.684097,-126.001801,9999,9999
603,-80.684799,-126.122604,9999,9999
604,-80.687698,-126.255005,9999,9999
605,-80.687698,-126.373703,9999,9999
606,-80.691193,-126.505295,9999,9999
607,-80.694107,-126.636993,9999,9999
608,-80.697601,-126.765305,9999,9999
609,-80.700394,-126.889496,9999,9999
610,-80.703903,-127.018402,9999,9999
611,-80.707397,-127.148804,9999,9999
612,-80.711594,-127.277695,9999,9999
613,-80.714401,-127.415604,9999,9999
614,-80.716599,-127.548706,9999,9999
615,-80.718704,-127.687195,9999,9999
616,-80.720795,-127.821701,9999,9999
617,-80.723694,-127.9561,9999,9999
618,-80.727203,-128.098206,9999,9999
619,-80.729294,-128.233902,9999,9999
620,-80.733505,-128.362198,9999,9999
621,-80.736298,-128.492493,9999,9999
622,-80.737793,-128.612,9999,9999
623,-80.740601,-128.734802,9999,9999
624,-80.742798,-128.867905,9999,9999
625,-80.746201,-128.991302,9999,9999
626,-80.746994,-129.117599,9999,9999
627,-80.749207,-129.252701,9999,9999
628,-80.753998,-129.367401,9999,9999
629,-80.754807,-129.491592,9999,9999
630,-80.759705,-129.617096,9999,9999
631,-80.761093,-129.742706,9999,9999
632,-80.762604,-129.862,9999,9999
633,-80.7668,-129.999207,9999,9999
634,-80.768204,-130.128998,9999,9999
635,-80.770996,-130.251099,9999,9999
636,-80.773804,-130.379395,9999,9999
637,-80.775299,-130.495407,9999,9999
638,-80.776093,-130.619598,9999,9999
639,-80.776093,-130.7453,9999,9999
640,-80.777603,-130.870193,9999,9999
641,-80.779007,-130.997101,9999,9999
642,-80.779099,-131.127502,9999,9999
643,-80.781906,-131.247604,9999,9999
644,-80.7827,-131.370499,9999,9999
645,-80.782806,-131.5009,9999,9999
646,-80.782806,-131.621002,9999,9999
647,-80.785004,-131.743301,9999,9999
648,-80.787796,-131.869507,9999,9999
649,-80.788605,-131.997803,9999,9999
650,-80.790695,-132.120697,9999,9999
651,-80.792099,-132.253204,9999,9999
652,-80.791504,-132.382904,9999,9999
653,-80.792999,-132.503006,9999,9999
654,-80.793701,-132.637604,9999,9999
655,-80.7966,-132.758408,9999,9999
656,-80.797302,-132.887405,9999,9999
657,-80.798096,-133.012405,9999,9999
658,-80.797501,-133.136597,9999,9999
659,-80.800293,-133.264999,9999,9999
660,-80.801102,-133.395401,9999,9999
661,-80.803207,-133.524399,9999,9999
662,-80.803299,-133.646698,9999,9999
663,-80.803299,-133.781998,9999,9999
664,-80.804794,-133.9021,9999,9999
665,-80.805496,-134.037994,9999,9999
666,-80.806305,-134.160202,9999,9999
667,-80.806396,-134.281799,9999,9999
668,-80.8078,-134.410202,9999,9999
669,-80.808594,-134.540497,9999,9999
670,-80.809998,-134.666794,9999,9999
671,-80.809402,-134.790497,9999,9999
672,-80.809494,-134.919006,9999,9999
673,-80.810303,-135.042404,9999,9999
674,-80.808899,-135.174301,9999,9999
675,-80.807602,-135.295898,9999,9999
676,-80.809097,-135.424896,9999,9999
677,-80.810501,-135.552002,9999,9999
678,-80.811295,-135.687195,9999,9999
679,-80.8134,-135.807999,9999,9999
680,-80.814194,-135.931,9999,9999
681,-80.814301,-136.071701,9999,9999
682,-80.814301,-136.193405,9999,9999
683,-80.812302,-136.317703,9999,9999
684,-80.811798,-136.438599,9999,9999
685,-80.811798,-136.564896,9999,9999
686,-80.810501,-136.693298,9999,9999
687,-80.810593,-136.821793,9999,9999
688,-80.810699,-136.933807,9999,9999
689,-80.810699,-137.058701,9999,9999
690,-80.809402,-137.190598,9999,9999
691,-80.806702,-137.306,9999,9999
692,-80.806198,-137.431,9999,9999
693,-80.805496,-137.556,9999,9999
694,-80.807007,-137.681107,9999,9999
695,-80.806396,-137.813599,9999,9999
696,-80.805099,-137.944901,9999,9999
697,-80.801697,-138.077301,9999,9999
698,-80.8004,-138.207901,9999,9999
699,-80.800507,-138.336395,9999,9999
700,-80.801895,-138.464096,9999,9999
701,-80.805405,-138.587006,9999,9999
702,-80.809601,-138.713303,9999,9999
703,-80.812393,-138.836899,9999,9999
704,-80.814606,-138.960495,9999,9999
705,-80.816696,-139.096497,9999,9999
706,-80.820908,-139.218704,9999,9999
707,-80.822998,-139.351898,9999,9999
708,-80.826508,-139.484497,9999,9999
709,-80.829407,-139.605301,9999,9999
710,-80.831497,-139.7323,9999,9999
711,-80.833603,-139.851898,9999,9999
712,-80.8358,-139.984497,9999,9999
713,-80.836502,-140.108002,9999,9999
714,-80.837296,-140.242004,9999,9999
715,-80.837296,-140.365707,9999,9999
716,-80.837402,-140.4935,9999,9999
717,-80.836105,-140.630905,9999,9999
718,-80.834793,-140.755905,9999,9999
719,-80.833496,-140.877502,9999,9999
720,-80.835602,-141.008804,9999,9999
721,-80.839798,-141.132294,9999,9999
722,-80.845398,-141.256607,9999,9999
723,-80.8517,-141.384995,9999,9999
724,-80.855804,-141.508698,9999,9999
725,-80.859299,-141.634995,9999,9999
726,-80.861496,-141.767502,9999,9999
727,-80.861496,-141.895401,9999,9999
728,-80.863693,-142.030701,9999,9999
729,-80.867905,-142.155594,9999,9999
730,-80.871399,-142.288895,9999,9999
731,-80.872803,-142.419403,9999,9999
732,-80.875595,-142.563004,9999,9999
733,-80.876404,-142.686707,9999,9999
734,-80.879196,-142.813705,9999,9999
735,-80.881302,-142.9505,9999,9999
736,-80.883499,-143.080307,9999,9999
737,-80.887604,-143.201797,9999,9999
738,-80.891205,-143.335693,9999,9999
739,-80.893295,-143.465607,9999,9999
740,-80.895401,-143.593994,9999,9999
741,-80.897598,-143.717102,9999,9999
742,-80.901703,-143.846893,9999,9999
743,-80.9142,-143.957397,9999,9999
744,-80.931396,-144.022507,9999,9999
745,-80.951294,-144.025803,9999,9999
746,-80.973297,-144.014008,9999,9999
747,-80.993195,-144.001495,9999,9999
748,-81.011795,-144.005493,9999,9999
749,-81.033096,-144.032898,9999,9999
750,-81.052399,-144.058899,9999,9999
751,-81.075806,-144.080704,9999,9999
752,-81.095703,-144.097,9999,9999
753,-81.117004,-144.109894,9999,9999
754,-81.139008,-144.130402,9999,9999
755,-81.158295,-144.161194,9999,9999
756,-81.179596,-144.189804,9999,9999
757,-81.1996,-144.219193,9999,9999
758,-81.220901,-144.244507,9999,9999
759,-81.240097,-144.263504,9999,9999
760,-81.264893,-144.274307,9999,9999
761,-81.283493,-144.279694,9999,9999
762,-81.306793,-144.261093,9999,9999
763,-81.328796,-144.225204,9999,9999
764,-81.345306,-144.177795,9999,9999
765,-81.367294,-144.141296,9999,9999
766,-81.387207,-144.114304,9999,9999
767,-81.408493,-144.108704,9999,9999
768,-81.427795,-144.125,9999,9999
769,-81.448395,-144.164795,9999,9999
770,-81.468399,-144.208603,9999,9999
771,-81.486298,-144.252396,9999,9999
772,-81.507599,-144.292801,9999,9999
773,-81.527496,-144.331696,9999,9999
774,-81.545395,-144.369995,9999,9999
775,-81.563995,-144.413193,9999,9999
776,-81.585297,-144.461807,9999,9999
777,-81.605301,-144.509796,9999,9999
778,-81.625198,-144.550095,9999,9999
779,-81.644501,-144.582993,9999,9999
780,-81.665802,-144.620499,9999,9999
781,-81.685806,-144.662201,9999,9999
782,-81.703705,-144.714294,9999,9999
783,-81.723602,-144.753998,9999,9999
784,-81.743607,-144.785995,9999,9999
785,-81.763504,-144.823807,9999,9999
786,-81.782806,-144.868896,9999,9999
787,-81.804092,-144.896194,9999,9999
788,-81.824799,-144.917297,9999,9999
789,-81.845398,-144.928894,9999,9999
790,-81.866699,-144.949905,9999,9999
791,-81.884598,-144.978607,9999,9999
792,-81.905197,-145.010101,9999,9999
793,-81.925797,-145.025803,9999,9999
794,-81.945099,-145.055801,9999,9999
795,-81.9664,-145.083801,9999,9999
796,-81.986404,-145.111099,9999,9999
797,-82.008408,-145.139694,9999,9999
798,-82.028305,-145.157394,9999,9999
799,-82.048996,-145.190201,9999,9999
800,-82.068207,-145.212799,9999,9999
801,-82.088806,-145.231201,9999,9999
802,-82.110199,-145.251495,9999,9999
803,-82.130798,-145.276901,9999,9999
804,-82.151398,-145.308899,9999,9999
805,-82.169998,-145.340393,9999,9999
806,-82.192001,-145.360107,9999,9999
807,-82.212006,-145.3806,9999,9999
808,-82.232605,-145.395401,9999,9999
809,-82.252502,-145.418701,9999,9999
810,-82.272507,-145.452103,9999,9999
811,-82.292404,-145.486298,9999,9999
812,-82.312393,-145.537598,9999,9999
813,-82.332993,-145.572495,9999,9999
814,-82.352997,-145.592896,9999,9999
815,-82.373596,-145.606506,9999,9999
816,-82.394897,-145.596695,9999,9999
817,-82.412796,-145.572601,9999,9999
818,-82.435394,-145.556503,9999,9999
819,-82.454697,-145.563293,9999,9999
820,-82.474594,-145.576797,9999,9999
821,-82.494598,-145.621307,9999,9999
822,-82.513901,-145.700104,9999,9999
823,-82.515305,-145.846497,9999,9999
824,-82.514694,-146.001099,9999,9999
825,-82.513397,-146.149002,9999,9999
826,-82.509995,-146.287201,9999,9999
827,-82.507996,-146.428299,9999,9999
828,-82.5047,-146.567795,9999,9999
829,-82.503998,-146.707397,9999,9999
830,-82.502701,-146.860107,9999,9999
831,-82.499405,-147.010696,9999,9999
832,-82.498795,-147.162598,9999,9999
833,-82.497498,-147.322205,9999,9999
834,-82.494797,-147.476196,9999,9999
835,-82.492798,-147.623993,9999,9999
836,-82.4935,-147.777405,9999,9999
837,-82.490204,-147.923096,9999,9999
838,-82.490295,-148.078598,9999,9999
839,-82.488998,-148.231903,9999,9999
840,-82.487,-148.396896,9999,9999
841,-82.487701,-148.5578,9999,9999
842,-82.487793,-148.7276,9999,9999
843,-82.485794,-148.876205,9999,9999
844,-82.485199,-149.0392,9999,9999
845,-82.4832,-149.208206,9999,9999
846,-82.480499,-149.374695,9999,9999
847,-82.479202,-149.5383,9999,9999
848,-82.477203,-149.703293,9999,9999
849,-82.477295,-149.888901,9999,9999
850,-82.477402,-150.0513,9999,9999
851,-82.473404,-150.221893,9999,9999
852,-82.469299,-150.403397,9999,9999
853,-82.4646,-150.573303,9999,9999
854,-82.459198,-150.741898,9999,9999
855,-82.454407,-150.918701,9999,9999
856,-82.449005,-151.093994,9999,9999
857,-82.443604,-151.267502,9999,9999
858,-82.436096,-151.446304,9999,9999
859,-82.430695,-151.634094,9999,9999
860,-82.423904,-151.813705,9999,9999
861,-82.415695,-151.988495,9999,9999
862,-82.409607,-152.166702,9999,9999
863,-82.404907,-152.337906,9999,9999
864,-82.3974,-152.520905,9999,9999
865,-82.391998,-152.703293,9999,9999
866,-82.385895,-152.895203,9999,9999
867,-82.377701,-153.082993,9999,9999
868,-82.368896,-153.272995,9999,9999
869,-82.360001,-153.477997,9999,9999
870,-82.353897,-153.683701,9999,9999
871,-82.345795,-153.889999,9999,9999
872,-82.338303,-154.087601,9999,9999
873,-82.331497,-154.281601,9999,9999
874,-82.323303,-154.479706,9999,9999
875,-82.314499,-154.6875,9999,9999
876,-82.307007,-154.893097,9999,9999
877,-82.302307,-155.090607,9999,9999
878,-82.294098,-155.292206,9999,9999
879,-82.288696,-155.492401,9999,9999
880,-82.2798,-155.690598,9999,9999
881,-82.273102,-155.890793,9999,9999
882,-82.264893,-156.092407,9999,9999
883,-82.257401,-156.283005,9999,9999
884,-82.251999,-156.4935,9999,9999
885,-82.242493,-156.692993,9999,9999
886,-82.235703,-156.895294,9999,9999
887,-82.228195,-157.100403,9999,9999
888,-82.220703,-157.294495,9999,9999
889,-82.211899,-157.4953,9999,9999
890,-82.204407,-157.690796,9999,9999
891,-82.193497,-157.880707,9999,9999
892,-82.186005,-158.0728,9999,9999
893,-82.177094,-158.275803,9999,9999
894,-82.167603,-158.474792,9999,9999
895,-82.161499,-158.661896,9999,9999
896,-82.154007,-158.873093,9999,9999
897,-82.145096,-159.061707,9999,9999
898,-82.136993,-159.255798,9999,9999
899,-82.127396,-159.4505,9999,9999
900,-82.120605,-159.644608,9999,9999
901,-82.113205,-159.835907,9999,9999
902,-82.103607,-160.036896,9999,9999
903,-82.092697,-160.231598,9999,9999
904,-82.085205,-160.416794,9999,9999
905,-82.075699,-160.627502,9999,9999
906,-82.064697,-160.809799,9999,9999
907,-82.055893,-161.010101,9999,9999
908,-82.045593,-161.197403,9999,9999
909,-82.036804,-161.381195,9999,9999
910,-82.027206,-161.571793,9999,9999
911,-82.016998,-161.775604,9999,9999
912,-82.006805,-161.962799,9999,9999
913,-81.997894,-162.155594,9999,9999
914,-81.987,-162.352997,9999,9999
915,-81.976105,-162.527405,9999,9999
916,-81.965805,-162.711807,9999,9999
917,-81.954895,-162.897003,9999,9999
918,-81.944,-163.085602,9999,9999
919,-81.935104,-163.276993,9999,9999
920,-81.924896,-163.467606,9999,9999
921,-81.913895,-163.659805,9999,9999
922,-81.903,-163.844193,9999,9999
923,-81.891403,-164.025406,9999,9999
924,-81.881195,-164.210602,9999,9999
925,-81.8703,-164.393005,9999,9999
926,-81.860703,-164.575394,9999,9999
927,-81.847702,-164.759293,9999,9999
928,-81.835403,-164.937607,9999,9999
929,-81.824493,-165.132507,9999,9999
930,-81.812897,-165.311493,9999,9999
931,-81.802597,-165.488998,9999,9999
932,-81.788895,-165.666794,9999,9999
933,-81.778,-165.848602,9999,9999
934,-81.766403,-166.026794,9999,9999
935,-81.756805,-166.207993,9999,9999
936,-81.745193,-166.383499,9999,9999
937,-81.733597,-166.559204,9999,9999
938,-81.722,-166.744904,9999,9999
939,-81.708298,-166.915802,9999,9999
940,-81.694595,-167.080505,9999,9999
941,-81.681595,-167.2547,9999,9999
942,-81.667999,-167.422104,9999,9999
943,-81.656296,-167.587997,9999,9999
944,-81.6427,-167.751205,9999,9999
945,-81.630295,-167.919296,9999,9999
946,-81.617294,-168.083801,9999,9999
947,-81.602997,-168.258102,9999,9999
948,-81.591995,-168.421997,9999,9999
949,-81.5784,-168.5867,9999,9999
950,-81.567398,-168.768494,9999,9999
951,-81.555099,-168.944,9999,9999
952,-81.541397,-169.105194,9999,9999
953,-81.528397,-169.262299,9999,9999
954,-81.518204,-169.431595,9999,9999
955,-81.502396,-169.589401,9999,9999
956,-81.490097,-169.762207,9999,9999
957,-81.479202,-169.931595,9999,9999
958,-81.468201,-170.098297,9999,9999
959,-81.459396,-170.274506,9999,9999
960,-81.448395,-170.437805,9999,9999
961,-81.4375,-170.603104,9999,9999
962,-81.425201,-170.761398,9999,9999
963,-81.408707,-170.899994,9999,9999
964,-81.393005,-171.042603,9999,9999
965,-81.377197,-171.190796,9999,9999
966,-81.362793,-171.332596,9999,9999
967,-81.347107,-171.473999,9999,9999
968,-81.332001,-171.634399,9999,9999
969,-81.318298,-171.783905,9999,9999
970,-81.306,-171.939606,9999,9999
971,-81.294403,-172.110306,9999,9999
972,-81.284103,-172.253601,9999,9999
973,-81.270401,-172.402405,9999,9999
974,-81.256104,-172.552505,9999,9999
975,-81.239594,-172.702103,9999,9999
976,-81.225204,-172.8461,9999,9999
977,-81.210205,-172.999695,9999,9999
978,-81.197205,-173.147705,9999,9999
979,-81.184799,-173.301407,9999,9999
980,-81.169098,-173.441895,9999,9999
981,-81.154694,-173.586594,9999,9999
982,-81.139603,-173.723801,9999,9999
983,-81.127304,-173.867706,9999,9999
984,-81.111603,-174.010406,9999,9999
985,-81.098602,-174.152298,9999,9999
986,-81.086197,-174.305099,9999,9999
987,-81.0746,-174.461502,9999,9999
988,-81.0616,-174.611603,9999,9999
989,-81.050598,-174.763107,9999,9999
990,-81.036194,-174.9133,9999,9999
991,-81.021194,-175.044998,9999,9999
992,-81.003998,-175.185501,9999,9999
993,-80.988297,-175.315094,9999,9999
994,-80.970505,-175.445999,9999,9999
995,-80.954697,-175.587204,9999,9999
996,-80.940308,-175.717499,9999,9999
997,-80.926605,-175.856705,9999,9999
998,-80.914307,-175.997101,9999,9999
999,-80.901993,-176.140396,9999,9999
1000,-80.888901,-176.287003,9999,9999
1001,-80.874603,-176.424194,9999,9999
1002,-80.856705,-176.550293,9999,9999
1003,-80.838898,-176.666107,9999,9999
1004,-80.819702,-176.780594,9999,9999
1005,-80.801193,-176.888107,9999,9999
1006,-80.783401,-177.006699,9999,9999
1007,-80.767593,-177.139008,9999,9999
1008,-80.751099,-177.272598,9999,9999
1009,-80.7388,-177.413803,9999,9999
1010,-80.726501,-177.558502,9999,9999
1011,-80.712097,-177.691406,9999,9999
1012,-80.699097,-177.824997,9999,9999
1013,-80.682602,-177.965607,9999,9999
1014,-80.668198,-178.099197,9999,9999
1015,-80.654495,-178.231506,9999,9999
1016,-80.640106,-178.364502,9999,9999
1017,-80.625107,-178.499496,9999,9999
1018,-80.610001,-178.627701,9999,9999
1019,-80.593506,-178.757202,9999,9999
1020,-80.575699,-178.866104,9999,9999
1021,-80.559204,-178.986099,9999,9999
1022,-80.541397,-179.111404,9999,9999
1023,-80.524994,-179.2258,9999,9999
1024,-80.509903,-179.3526,9999,9999
1025,-80.495499,-179.482193,9999,9999
1026,-80.482498,-179.619202,9999,9999
1027,-80.468094,-179.759705,9999,9999
1028,-80.455704,-179.900299,9999,9999
1029,-80.442001,179.972305,9999,9999
1030,-80.423492,179.850296,9999,9999
1031,-80.407104,179.733704,9999,9999
1032,-80.389893,179.617996,9999,9999
1033,-80.372101,179.5056,9999,9999
1034,-80.353607,179.398102,9999,9999
1035,-80.336395,179.283707,9999,9999
1036,-80.319305,179.164505,9999,9999
1037,-80.304199,179.038498,9999,9999
1038,-80.287796,178.919296,9999,9999
1039,-80.274094,178.793198,9999,9999
1040,-80.257599,178.664307,9999,9999
1041,-80.241806,178.550705,9999,9999
1042,-80.225403,178.436295,9999,9999
1043,-80.208206,178.316498,9999,9999
1044,-80.190399,178.210907,9999,9999
1045,-80.171906,178.099304,9999,9999
1046,-80.154007,177.989105,9999,9999
1047,-80.137604,177.871201,9999,9999
1048,-80.121094,177.755493,9999,9999
1049,-80.103897,177.634201,9999,9999
1050,-80.088196,177.519806,9999,9999
1051,-80.071701,177.404099,9999,9999
1052,-80.057297,177.297302,9999,9999
1053,-80.040207,177.180206,9999,9999
1054,-80.021606,177.074097,9999,9999
1055,-80.003098,176.965103,9999,9999
1056,-79.983902,176.861099,9999,9999
1057,-79.964706,176.765305,9999,9999
1058,-79.946198,176.654999,9999,9999
1059,-79.929001,176.548904,9999,9999
1060,-79.913895,176.433197,9999,9999
1061,-79.898193,176.313904,9999,9999
1062,-79.883102,176.196198,9999,9999
1063,-79.868698,176.075607,9999,9999
1064,-79.852203,175.956497,9999,9999
1065,-79.835098,175.842102,9999,9999
1066,-79.818604,175.734604,9999,9999
1067,-79.799393,175.632599,9999,9999
1068,-79.779404,175.536194,9999,9999
1069,-79.759598,175.439606,9999,9999
1070,-79.738998,175.342407,9999,9999
1071,-79.721207,175.252808,9999,9999
1072,-79.701904,175.151596,9999,9999
1073,-79.682007,175.049606,9999,9999
1074,-79.664902,174.939407,9999,9999
1075,-79.645706,174.842102,9999,9999
1076,-79.629898,174.7258,9999,9999
1077,-79.612701,174.623093,9999,9999
1078,-79.594894,174.510803,9999,9999
1079,-79.577698,174.404007,9999,9999
1080,-79.559906,174.300598,9999,9999
1081,-79.542099,174.212402,9999,9999
1082,-79.522797,174.1008,9999,9999
1083,-79.502899,174.000198,9999,9999
1084,-79.483704,173.901001,9999,9999
1085,-79.465195,173.792099,9999,9999
1086,-79.447296,173.695602,9999,9999
1087,-79.428101,173.595001,9999,9999
1088,-79.408203,173.501297,9999,9999
1089,-79.390396,173.404205,9999,9999
1090,-79.371201,173.3125,9999,9999
1091,-79.348495,173.214005,9999,9999
1092,-79.330002,173.119598,9999,9999
1093,-79.310104,173.0224,9999,9999
1094,-79.290894,172.930099,9999,9999
1095,-79.270294,172.847397,9999,9999
1096,-79.251694,172.751495,9999,9999
1097,-79.232498,172.657196,9999,9999
1098,-79.214005,172.564896,9999,9999
1099,-79.195496,172.476593,9999,9999
1100,-79.175598,172.367096,9999,9999
1101,-79.158401,172.273407,9999,9999
1102,-79.139206,172.182404,9999,9999
1103,-79.118607,172.087997,9999,9999
1104,-79.098007,171.994293,9999,9999
1105,-79.077393,171.905502,9999,9999
1106,-79.059601,171.814499,9999,9999
1107,-79.041702,171.718094,9999,9999
1108,-79.022507,171.619507,9999,9999
1109,-79.003296,171.519699,9999,9999
1110,-78.982697,171.428101,9999,9999
1111,-78.964203,171.337097,9999,9999
1112,-78.943497,171.241302,9999,9999
1113,-78.923706,171.155899,9999,9999
1114,-78.904404,171.061493,9999,9999
1115,-78.885193,170.972,9999,9999
1116,-78.865295,170.880905,9999,9999
1117,-78.845398,170.793396,9999,9999
1118,-78.824097,170.706604,9999,9999
1119,-78.804901,170.618393,9999,9999
1120,-78.785706,170.5336,9999,9999
1121,-78.764404,170.441406,9999,9999
1122,-78.744507,170.351105,9999,9999
1123,-78.725998,170.2677,9999,9999
1124,-78.706696,170.184998,9999,9999
1125,-78.6875,170.0961,9999,9999
1126,-78.667603,170.008698,9999,9999
1127,-78.647705,169.914993,9999,9999
1128,-78.629807,169.829605,9999,9999
1129,-78.609894,169.745499,9999,9999
1130,-78.589294,169.6436,9999,9999
1131,-78.567398,169.552002,9999,9999
1132,-78.547394,169.457596,9999,9999
1133,-78.526199,169.361801,9999,9999
1134,-78.504898,169.273605,9999,9999
1135,-78.483597,169.180695,9999,9999
1136,-78.460999,169.088303,9999,9999
1137,-78.440994,169.001602,9999,9999
1138,-78.421097,168.923798,9999,9999
1139,-78.404007,168.848694,9999,9999
1140,-78.387497,168.787994,9999,9999
1141,-78.371704,168.723206,9999,9999
1142,-78.355896,168.659698,9999,9999
1143,-78.340805,168.589493,9999,9999
1144,-78.326996,168.521805,9999,9999
1145,-78.309906,168.450104,9999,9999
1146,-78.294098,168.385498,9999,9999
1147,-78.278305,168.316498,9999,9999
1148,-78.260498,168.250305,9999,9999
1149,-78.242599,168.178604,9999,9999
1150,-78.226105,168.107697,9999,9999
1151,-78.207596,168.021606,9999,9999
1152,-78.188995,167.942993,9999,9999
1153,-78.170502,167.861801,9999,9999
1154,-78.153305,167.770096,9999,9999
1155,-78.139603,167.673798,9999,9999
1156,-78.127197,167.580093,9999,9999
1157,-78.112793,167.479599,9999,9999
1158,-78.101807,167.380402,9999,9999
1159,-78.088104,167.293594,9999,9999
1160,-78.077103,167.209702,9999,9999
1161,-78.065399,167.131805,9999,9999
1162,-78.054504,167.051895,9999,9999
1163,-78.045502,166.967804,9999,9999
1164,-78.036606,166.880402,9999,9999
1165,-78.029099,166.792999,9999,9999
1166,-78.020096,166.708206,9999,9999
1167,-78.010498,166.622192,9999,9999
1168,-78.001602,166.549805,9999,9999
1169,-77.993301,166.483597,9999,9999
1170,-77.9879,166.416702,9999,9999
1171,-77.981705,166.354797,9999,9999
1172,-77.973404,166.289902,9999,9999
1173,-77.960403,166.258301,9999,9999
1174,-77.946594,166.245605,9999,9999
1175,-77.932205,166.240005,9999,9999
1176,-77.918503,166.237701,9999,9999
1177,-77.908203,166.282196,9999,9999
1178,-77.901306,166.3349,9999,9999
1179,-77.8965,166.388397,9999,9999
1180,-77.893005,166.444595,9999,9999
1181,-77.891006,166.502197,9999,9999
1182,-77.888199,166.553604,9999,9999
1183,-77.887604,166.600098,9999,9999
1184,-77.885498,166.653595,9999,9999
1185,-77.883408,166.705597,9999,9999
1186,-77.881393,166.754303,9999,9999
1187,-77.880005,166.804993,9999,9999
1188,-77.877899,166.846695,9999,9999
1189,-77.877899,166.882294,9999,9999
1190,-77.876495,166.937103,9999,9999
1191,-77.8759,167.001404,9999,9999
1192,-77.877899,167.057007,9999,9999
1193,-77.891693,167.090607,9999,9999
1194,-77.905396,167.084198,9999,9999
1195,-77.918396,167.061996,9999,9999
1196,-77.930801,167.041901,9999,9999
1197,-77.941101,167.020401,9999,9999
1198,-77.952103,166.992706,9999,9999
1199,-77.956894,166.938293,9999,9999
1200,-77.958206,166.876297,9999,9999
1201,-77.958206,166.809402,9999,9999
1202,-77.958893,166.741104,9999,9999
1203,-77.957596,166.670898,9999,9999
1204,-77.955505,166.6082,9999,9999
1205,-77.955505,166.542099,9999,9999
1206,-77.958893,166.480698,9999,9999
1207,-77.959595,166.411804,9999,9999
1208,-77.960297,166.345703,9999,9999
1209,-77.962296,166.278107,9999,9999
1210,-77.955505,166.225006,9999,9999
1211,-77.940994,166.203598,9999,9999
1212,-77.928696,166.199295,9999,9999
1213,-77.916306,166.217697,9999,9999
1214,-77.907394,166.266296,9999,9999
1215,-77.900497,166.323196,9999,9999
1216,-77.896393,166.377899,9999,9999
1217,-77.893005,166.441696,9999,9999
1218,-77.889496,166.498001,9999,9999
1219,-77.886795,166.558899,9999,9999
1220,-77.886093,166.614502,9999,9999
1221,-77.884705,166.666397,9999,9999
1222,-77.883301,166.721298,9999,9999
1223,-77.8806,166.774002,9999,9999
1224,-77.879898,166.818497,9999,9999
1225,-77.877808,166.863098,9999,9999
1226,-77.876495,166.8965,9999,9999
1227,-77.877197,166.904694,9999,9999
1228,-77.876404,166.906601,9999,9999
1229,-77.876404,166.911896,9999,9999
1230,-77.875107,166.913803,9999,9999
1231,-77.875107,166.914993,9999,9999
1232,-77.875107,166.914795,9999,9999
1233,-77.875107,166.914597,9999,9999
1234,-77.875107,166.912399,9999,9999
1235,-77.875107,166.912201,9999,9999
1236,-77.875107,166.910004,9999,9999
1237,-77.875107,166.909805,9999,9999
1238,-77.875107,166.911697,9999,9999
1239,-77.875107,166.911499,9999,9999
1240,-77.875107,166.913406,9999,9999
1241,-77.875,166.9133,9999,9999
